{"cameraMode":{"drawMode":0,"name":"Shaded","section":"Shading Mode"},"sceneLighting":true,"audioPlay":false,"sceneViewState":{"showFog":true,"showMaterialUpdate":true,"showSkybox":true,"showFlares":true,"showImageEffects":true,"showParticleSystems":true},"in2DMode":false,"pivot":{"x":21.5723876953125,"y":-0.2626100182533264,"z":38.90317153930664},"rotation":{"x":0.15080061554908753,"y":-0.7782713770866394,"z":0.20437203347682954,"w":0.5742691159248352},"size":4.530736923217773,"orthographic":false}