{"cameraMode":{"drawMode":0,"name":"Shaded","section":"Shading Mode"},"sceneLighting":false,"audioPlay":false,"sceneViewState":{"showFog":true,"showMaterialUpdate":false,"showSkybox":true,"showFlares":true,"showImageEffects":true,"showParticleSystems":true},"in2DMode":false,"pivot":{"x":-49.93437957763672,"y":0.06652317941188812,"z":-32.30513000488281},"rotation":{"x":0.020418744534254075,"y":0.9778826832771301,"z":-0.17340445518493653,"w":0.1151498556137085},"size":1.060492753982544,"orthographic":false}