{"cameraMode":{"drawMode":0,"name":"Shaded","section":"Shading Mode"},"sceneLighting":false,"audioPlay":false,"sceneViewState":{"showFog":true,"showMaterialUpdate":false,"showSkybox":true,"showFlares":true,"showImageEffects":true,"showParticleSystems":true},"in2DMode":false,"pivot":{"x":-51.90999984741211,"y":0.8730000257492065,"z":-38.78999710083008},"rotation":{"x":0.11328814923763275,"y":-0.7084763050079346,"z":0.11687950044870377,"w":0.6867069602012634},"size":4.422131538391113,"orthographic":false}