{"cameraMode":{"drawMode":0,"name":"Shaded","section":"Shading Mode"},"sceneLighting":false,"audioPlay":false,"sceneViewState":{"showFog":true,"showMaterialUpdate":false,"showSkybox":true,"showFlares":true,"showImageEffects":true,"showParticleSystems":true},"in2DMode":false,"pivot":{"x":49.759490966796878,"y":-1.57454252243042,"z":37.10966491699219},"rotation":{"x":-0.32395821809768679,"y":0.1260731816291809,"z":-0.04360615462064743,"w":-0.9366190433502197},"size":4.356840133666992,"orthographic":false}