{"cameraMode":{"drawMode":0,"name":"Shaded","section":"Shading Mode"},"sceneLighting":false,"audioPlay":false,"sceneViewState":{"showFog":true,"showMaterialUpdate":false,"showSkybox":true,"showFlares":true,"showImageEffects":true,"showParticleSystems":true},"in2DMode":false,"pivot":{"x":2.9961211681365969,"y":1.2999999523162842,"z":34.879966735839847},"rotation":{"x":0.03884541615843773,"y":-0.9067090749740601,"z":0.08566880226135254,"w":0.4111333191394806},"size":16.053939819335939,"orthographic":false}